{
  "per_decode_token_ms_coefficients": [
    -0.44459863038573433,
    0.10965662700206509,
    0.008196829012044144
  ],
  "prefill_ms_coefficients": [
    1.8706143980575498e-07,
    2.3943864295136123e-05,
    0.003064814629777489
  ]
}
