cur_phase,explore/read,edit/write,execute/test,retrieve/browser,verify/final,unknown
explore/read,0.5005334755934916,0.13016804481194985,0.20418778340890903,0.0240064017071219,0.0488130168044812,0.0922912776740464
edit/write,0.08370004490345756,0.5512348450830714,0.21553659631791647,0.009429726088908847,0.05774584643017512,0.08235294117647059
execute/test,0.07477719770078574,0.11100564256710437,0.6168327796234773,0.012761693824816749,0.07773031693297475,0.10689236935084111
retrieve/browser,0.08543489449305199,0.09006690684508492,0.14462171899125065,0.5532681420483788,0.06278950077200206,0.0638188368502316
verify/final,0.03801581284522907,0.05642802989277591,0.1340842629697823,0.014946387956243907,0.26621899707570673,0.4903065092602621
unknown,0.036898663482648385,0.04883873204175172,0.07110118245195085,0.006894426684127412,0.17066594769479645,0.6656010476447252
