metric,success_mean,failure_mean,success_median,failure_median,delta_failure_minus_success,mannwhitney_p
total_steps,30.986988847583643,61.91683991683992,21.0,23.0,30.929851069256276,0.2668757500600143
tool_entropy,1.1576084183823685,0.9169420103205036,1.1488348542809166,0.8992650017324205,-0.2406664080618649,8.303062296433099e-17
phase_entropy,1.67866576786975,1.5994762972696417,1.7815147791468149,1.680519198493917,-0.07918947060010839,0.000202738788332437
observation_bytes,5607.157992565056,9242.993762993763,3515.5,3164.0,3635.8357704287073,0.7743205374569445
repeated_action_ratio,0.7073069336609629,0.754967641490278,0.7777777777777778,0.8269230769230769,0.047660707829315085,7.092757979947957e-08
error_rate,0.08720282807306164,0.11839621741026371,0.05263157894736842,0.06594202898550725,0.031193389337202074,0.005927149029550464
