workflow,frontier_status,case_count,mean_regret,p95_regret,max_regret,nonzero_overhead_cases,robust_nonzero_overhead_cases,robust_under_nonzero_overhead,flowmorph_wins,best_static_wins
debate,frontier_positive,225,0.27077977592321684,1.4304226710384524,2.653261280664098,180,75,no,84,141
iterative,weak,225,2.308450347672147,8.189586839976279,8.189586839976279,180,0,no,0,225
mapreduce,frontier_positive,225,0.17744665107664165,1.2424789948529222,2.277986173092607,180,93,yes,113,112
parallel_chains,frontier_positive,225,0.20529643151199523,1.2625262266033177,2.3433246834044152,180,93,yes,110,115
reflection,frontier_positive,225,0.4358550381219155,1.9469265192254275,3.8842828240494374,180,53,no,70,155
software_dev,frontier_positive,225,0.19340694755965337,1.3268041482347994,2.492325967089683,180,93,yes,120,105
trading,frontier_positive,225,-0.10369779889145009,0.06277841033291298,0.2526071808507979,180,163,yes,188,37
