baseline,job_completion_time_ms,p50_latency_ms,p90_latency_ms,p99_latency_ms,goodput_jobs_per_s,kv_bytes_total,kv_saving_ratio,mesh_total_traffic_bytes,mesh_hotspot_ratio,energy_per_job_j
no_affinity_placement,444.0991104690587,20.986846281405434,274.58781537500835,373.89345538691384,9396.159212509909,1307783987.2,0.47185199285517054,629811.2,1.5553682539204052,0.007836763555839999
no_aggregator_placement,444.0957301300736,20.985929916605446,274.5867988950083,373.89284136963386,9396.728621016957,1307783987.2,0.47185199285517054,94451.2,1.1178936214052335,0.00783665648384
no_critical_path_scheduling,444.0949729940772,20.985817187005438,274.5865803350083,373.8927275750738,9396.876052739814,1307783987.2,0.47185199285517054,70182.4,1.4899908866911937,0.00783665163008
no_dynamic_pd_partition,456.67948525632363,24.478817364287984,277.3956354206913,376.70643033045303,8118.784729367449,1307783987.2,0.47185199285517054,70182.4,1.4899908866911937,0.00783665163008
no_kv_sharing,458.14039818369054,24.6877121645056,277.16388604104714,376.23718315850334,7940.548155435245,2467928473.6,0.0,1932.8,1.625287356321839,0.00783663798016
no_mesh_congestion_penalty,444.0951022452736,20.985844099005444,274.58665633500834,373.89281437827384,9396.810002416496,1307783987.2,0.47185199285517054,0.0,1.0,0.0078366375936
no_tool_ttl,476.09497299407724,20.985817187005438,296.98658033500834,404.9327275750739,9367.336346402779,1307783987.2,0.47185199285517054,70182.4,1.4899908866911937,0.00783665163008
waferagent_full,444.0949729940772,20.985817187005438,274.5865803350083,373.8927275750738,9396.876052739814,1307783987.2,0.47185199285517054,70182.4,1.4899908866911937,0.00783665163008
