workflow,operator_count,max_frontier_width,mean_frontier_width,frontier_width_cv,mean_phase_mix_entropy,phase_mix_variation,critical_path_length,total_work,total_work_to_critical_path_ratio,fixed_worker_idle_fraction,fixed_prefill_decode_partition_imbalance,decision,decision_reason
mapreduce,5,4,2.5,0.6,0.6955758638510693,0.023159424241818768,15.878,40.102,2.5256329512533062,0.6842958810933367,0.6451049822951473,weak_direction,frontier_width_cv=0.60 or phase_mix_variation=0.02 is below threshold
debate,11,4,2.2,0.668042657122685,0.3733696263091425,0.6336016679242407,31.85,98.144,3.0814442700156985,0.6148194662480377,0.7074502771437885,continue_to_flowmorph_scheduling,frontier_width_cv=0.67 and phase_mix_variation=0.63 exceed thresholds
reflection,5,3,1.6666666666666667,0.565685424949238,0.725036167380194,0.014607751634693392,21.938,35.174,1.6033366760871548,0.7995829154891057,0.5848069596861318,weak_direction,frontier_width_cv=0.57 or phase_mix_variation=0.01 is below threshold
iterative,8,1,1.0,0.0,0.5415724349192316,0.027860677755758408,91.688,91.688,1.0,0.875,0.7481895122589652,weak_direction,frontier_width_cv=0.00 or phase_mix_variation=0.03 is below threshold
parallel_chains,9,4,1.5,0.7453559924999299,0.6638571812346719,0.019598277143541613,24.798000000000002,75.762,3.0551657391725136,0.6181042826034358,0.6516987407935375,weak_direction,frontier_width_cv=0.75 or phase_mix_variation=0.02 is below threshold
trading,33,16,1.8333333333333333,1.8741389207353,0.7677469215006995,0.045806839110104115,33.946,225.842,6.652978259588759,0.3117594714515578,0.5763586932457205,weak_direction,frontier_width_cv=1.87 or phase_mix_variation=0.05 is below threshold
software_dev,14,4,1.2727272727272727,0.6776309271789385,0.7727713524218092,0.04217220567607176,35.22,94.772,2.690857467348098,0.6636428165814878,0.561136200565568,weak_direction,frontier_width_cv=0.68 or phase_mix_variation=0.04 is below threshold
