split,num_regimes,selection_accuracy_vs_oracle_best,beneficial_recall,beneficial_precision
all,160,0.2875,0.15503875968992248,0.8
train,96,0.2916666666666667,0.16,0.7058823529411765
validation,32,0.25,0.1111111111111111,1.0
test,32,0.3125,0.18518518518518517,1.0
