split,num_regimes,selection_accuracy_vs_oracle_best,mean_regret_ms,p95_regret_ms,max_slowdown_vs_apc,fraction_non_worse_than_apc_within_5pct,beneficial_regime_recall,beneficial_regime_precision,beneficial_test_regimes,pass
all,160,0.83125,67927.16032656786,309106.3234701908,2.813578434200695,0.90625,0.90625,1.0,116,False
train,96,0.78125,108055.15432866459,959756.4919557467,2.813578434200695,0.8854166666666666,0.8666666666666667,1.0,65,False
validation,32,0.8125,15369.935967523088,62361.9878976355,1.0002583243099226,0.875,0.9259259259259259,1.0,25,False
test,32,1.0,100.40267932245433,0.0,0.0,1.0,1.0,1.0,26,True
