baseline,job_completion_time_ms,p50_latency_ms,p90_latency_ms,p99_latency_ms,goodput_jobs_per_s,kv_bytes_total,kv_saving_ratio,mesh_total_traffic_bytes,mesh_hotspot_ratio,energy_per_job_j
continuum_like,474.93881569919995,29.21320573440001,280.77230982656005,379.7386829615359,6738.144256217209,2467928473.6,0.0,16742.4,2.124258370833432,0.00783664094208
kvflow_like,496.15808347391993,26.334582591168004,301.46719549704324,409.2868703089682,7454.871804420055,1307783987.2,0.47185199285517054,629811.2,1.5553682539204052,0.007836763555839999
wafer_naive,512.5670444799999,30.750640544000017,304.3921427072001,411.9778111731199,6390.8023875637355,2467928473.6,0.0,18688.0,1.3567395967395968,0.0078366413312
waferagent_full,444.0949729940772,20.985817187005438,274.5865803350083,373.8927275750738,9396.876052739814,1307783987.2,0.47185199285517054,70182.4,1.4899908866911937,0.00783665163008
