naive_kv_bytes,shared_kv_bytes,unique_shared_tokens,logical_shared_tokens,kv_saving_ratio,kv_duplication_ratio,job_id,workload
8657043456.0,4898947072.0,4352.0,33024.0,0.43410852713178294,1.7671232876712328,long_context_swe_stress_job_0,long_context_swe_stress
8657043456.0,4898947072.0,4352.0,33024.0,0.43410852713178294,1.7671232876712328,long_context_swe_stress_job_1,long_context_swe_stress
48586817536.0,24964497408.0,5120.0,185344.0,0.4861878453038674,1.946236559139785,mesh_stress_moa_job_0,mesh_stress_moa
48586817536.0,24964497408.0,5120.0,185344.0,0.4861878453038674,1.946236559139785,mesh_stress_moa_job_1,mesh_stress_moa
37044092928.0,19126026240.0,4608.0,141312.0,0.4836956521739131,1.936842105263158,sram_pressure_debate_job_0,sram_pressure_debate
37044092928.0,19126026240.0,4608.0,141312.0,0.4836956521739131,1.936842105263158,sram_pressure_debate_job_1,sram_pressure_debate
6442450944.0,3388997632.0,1280.0,24576.0,0.47395833333333337,1.900990099009901,tool_pause_resume_loop_job_0,tool_pause_resume_loop
6442450944.0,3388997632.0,1280.0,24576.0,0.47395833333333337,1.900990099009901,tool_pause_resume_loop_job_1,tool_pause_resume_loop
