baseline,job_completion_time_ms,p50_latency_ms,p90_latency_ms,p99_latency_ms,goodput_jobs_per_s,kv_bytes_total,kv_saving_ratio,sram_evictions,sram_reload_bytes,sram_hit_rate,shared_prefill_compute_ms_saved,shared_prefill_tokens_saved,prefix_compute_hit_rate,mesh_total_traffic_bytes,mesh_wait_ms,mesh_hotspot_ratio,prefill_tile_utilization,decode_tile_utilization,energy_per_job_j
wafer_naive,1217429.3772473196,38224.70408617756,64821.940957741695,68093.51772835056,0.018829925131138885,25182601216.0,0.0,22.5,1107296256.0,0.0,0.0,0.0,0.0,3055799488.0,0.0,2.9108015739752253,0.31971863957661484,0.4687648854310302,0.159154038368
waferagent_full,1050788.4018537595,26139.569337550703,64821.940957741695,68093.51772835052,0.02454562606082864,13094617088.0,0.4694875894857242,0.0,0.0,0.9454254527898116,1834460.0870135045,93440.0,0.9454254527898116,942208.0,0.3507902365163318,1.6547890099587683,0.10352320789578737,0.6490277812991112,0.157626609728
