baseline,job_completion_time_ms,p50_latency_ms,p90_latency_ms,p99_latency_ms,goodput_jobs_per_s,kv_bytes_total,kv_saving_ratio,sram_evictions,sram_reload_bytes,sram_hit_rate,shared_prefill_compute_ms_saved,shared_prefill_tokens_saved,prefix_compute_hit_rate,mesh_total_traffic_bytes,mesh_wait_ms,mesh_hotspot_ratio,prefill_tile_utilization,decode_tile_utilization,energy_per_job_j
continuum_like,1747.163006535466,30.147641142076164,279.27950559816577,281.0781046079379,10.781275307457511,25182601216.0,0.0,22.0,0.0,0.0,0.0,0.0,0.0,9637568.0,0.0,2.6171876170199107,0.3748899953583017,0.3239815073167119,0.15763095740799998
kvflow_like,2880.47340467857,20.606213055264842,275.9047650996348,277.729374463502,15.809520013756654,13094617088.0,0.4694875894857242,0.0,0.0,0.9454254527898116,1159.194624,93440.0,0.9454254527898116,10734784.0,0.0,2.633602986596392,0.24100764305852362,0.39985445226763744,0.15763150601599998
oracle,1586.8525287556995,15.579605322182775,272.5386277939464,276.264901032003,15.58256121169746,13094617088.0,0.4694875894857242,0.0,0.0,0.9454254527898116,1159.194624,93440.0,0.9454254527898116,942208.0,0.35053895999335793,1.6547890099587683,0.1843726532158104,0.5399063060503875,0.157626609728
wafer_naive,1761.0126385354665,30.147641142076164,279.27950559816577,281.078104607938,10.775326256648281,25182601216.0,0.0,22.5,1107296256.0,0.0,0.0,0.0,0.0,3055799488.0,0.0,2.9108015739752253,0.37517228814659653,0.3238846490933287,0.159154038368
waferagent_full,1596.2366466058497,20.606213055264842,275.9047650996348,277.7293744635021,15.413273686540142,13094617088.0,0.4694875894857242,0.0,0.0,0.9454254527898116,1159.194624,93440.0,0.9454254527898116,942208.0,0.3507902399937137,1.6547890099587683,0.1889008126714608,0.49838223965146977,0.157626609728
