cur_phase,explore/read,edit/write,execute/test,retrieve/browser,verify/final,unknown
explore/read,0.4206896551724138,0.2706896551724138,0.1724137931034483,0.02413793103448276,0.05344827586206897,0.05862068965517241
edit/write,0.11222627737226278,0.4416058394160584,0.30200729927007297,0.03832116788321168,0.051094890510948905,0.05474452554744526
execute/test,0.062108262108262105,0.11794871794871795,0.5948717948717949,0.05811965811965812,0.07920227920227921,0.08774928774928775
retrieve/browser,0.07109004739336493,0.13507109004739337,0.2109004739336493,0.495260663507109,0.052132701421800945,0.035545023696682464
verify/final,0.04609218436873747,0.14228456913827656,0.18837675350701402,0.07214428857715431,0.46292585170340683,0.08817635270541083
unknown,0.07931570762052877,0.19284603421461896,0.13996889580093314,0.029548989113530325,0.05443234836702955,0.5038880248833593
