{
  "per_decode_token_ms_coefficients": [
    -0.0,
    0.0,
    0.0
  ],
  "prefill_ms_coefficients": [
    1.956823936555274e-06,
    0.00025047346387913207,
    0.032060603376528905
  ]
}
