baseline,workflow_latency,state_materialization_bytes,state_movement_byte_hop,max_link_utilization,max_link_load,p95_link_load,hotspot_region,region_memory_pressure,critical_path_wait,average_wave_batch_size,wave_count,duplicate_state_materialization_bytes,notes,dynamic_hot_state_probability,state_policy,dynamic_hot_state_count
WaferStateFlow,63.2881105476,145592,677729280,1.0644805069560534e-06,13473792,13473792.0,R_16_14,0.0689697265625,2224.5009244755197,7.222222222222222,9,597964,approximate: hot-state-seeded wave scheduling with policy-driven placement,0.0,static,0
WaferStateFlow,63.2881105476,145592,677729280,1.0644805069560534e-06,13473792,13473792.0,R_16_14,0.0689697265625,2224.5009244755197,7.222222222222222,9,597964,approximate: hot-state-seeded wave scheduling with policy-driven placement,0.0,dynamic,0
WaferStateFlow,63.2881105476,145592,677729280,1.0644805069560534e-06,13473792,13473792.0,R_16_14,0.0689697265625,2224.5009244755197,7.222222222222222,9,597964,approximate: hot-state-seeded wave scheduling with policy-driven placement,0.25,static,2
WaferStateFlow,63.2881105476,145592,677729280,1.0644805069560534e-06,13473792,13473792.0,R_16_14,0.0689697265625,2224.5009244755197,7.222222222222222,9,597964,approximate: hot-state-seeded wave scheduling with policy-driven placement,0.25,dynamic,2
WaferStateFlow,63.2881105476,145592,677729280,1.0644805069560534e-06,13473792,13473792.0,R_16_14,0.0689697265625,2224.5009244755197,7.222222222222222,9,597964,approximate: hot-state-seeded wave scheduling with policy-driven placement,0.5,static,5
WaferStateFlow,63.2881105476,145592,677729280,1.0644805069560534e-06,13473792,13473792.0,R_16_14,0.0689697265625,2224.5009244755197,7.222222222222222,9,597964,approximate: hot-state-seeded wave scheduling with policy-driven placement,0.5,dynamic,5
WaferStateFlow,63.2881105476,145592,677729280,1.0644805069560534e-06,13473792,13473792.0,R_16_14,0.0689697265625,2224.5009244755197,7.222222222222222,9,597964,approximate: hot-state-seeded wave scheduling with policy-driven placement,0.75,static,8
WaferStateFlow,63.2881105476,145592,677729280,1.0644805069560534e-06,13473792,13473792.0,R_16_14,0.0689697265625,2224.5009244755197,7.222222222222222,9,597964,approximate: hot-state-seeded wave scheduling with policy-driven placement,0.75,dynamic,8
