baseline,workflow_latency,state_materialization_bytes,state_movement_byte_hop,max_link_utilization,region_memory_pressure,critical_path_wait,average_wave_batch_size,wave_count,duplicate_state_materialization_bytes,notes,dynamic_hot_state_probability,state_policy,dynamic_hot_state_count
WaferStateFlow,51.460910547599994,145592,677729280,1.6594994905835863e-08,0.0689697265625,1608.3620444755197,7.222222222222222,9,597964,hot-state-seeded wave scheduling with policy-driven placement,0.0,static,0
WaferStateFlow,51.460910547599994,145592,677729280,1.6594994905835863e-08,0.0689697265625,1608.3620444755197,7.222222222222222,9,597964,hot-state-seeded wave scheduling with policy-driven placement,0.0,dynamic,0
WaferStateFlow,51.460910547599994,145592,677729280,1.6594994905835863e-08,0.0689697265625,1608.3620444755197,7.222222222222222,9,597964,hot-state-seeded wave scheduling with policy-driven placement,0.25,static,2
WaferStateFlow,51.460910547599994,143824,677729280,1.6594994905835863e-08,0.0689697265625,1608.3620444755197,7.222222222222222,9,597964,hot-state-seeded wave scheduling with policy-driven placement,0.25,dynamic,2
WaferStateFlow,51.460910547599994,145592,677729280,1.6594994905835863e-08,0.0689697265625,1608.3620444755197,7.222222222222222,9,597964,hot-state-seeded wave scheduling with policy-driven placement,0.5,static,5
WaferStateFlow,51.460910547599994,140856,677729280,1.6594994905835863e-08,0.0689697265625,1608.3620444755197,7.222222222222222,9,597964,hot-state-seeded wave scheduling with policy-driven placement,0.5,dynamic,5
WaferStateFlow,51.460910547599994,145592,677729280,1.6594994905835863e-08,0.0689697265625,1608.3620444755197,7.222222222222222,9,597964,hot-state-seeded wave scheduling with policy-driven placement,0.75,static,8
WaferStateFlow,51.460910547599994,137828,677729280,1.6594994905835863e-08,0.0689697265625,1608.3620444755197,7.222222222222222,9,597964,hot-state-seeded wave scheduling with policy-driven placement,0.75,dynamic,8
