current,explore/read,edit/write,execute/test,retrieve/browser,verify/final,unknown
explore/read,0.5200111950741674,0.16148894486425971,0.21018751749230338,0.00797649034424853,0.0019591379792891126,0.09837671424573188
edit/write,0.07406636845937793,0.4925621554145428,0.30781233745969,0.003536877145532092,0.0032247997503380837,0.11879746177051909
execute/test,0.07112261708637327,0.12111084961167333,0.6790774299835255,0.0042833607907743,0.00291833372558249,0.12148740880207108
retrieve/browser,0.06493506493506493,0.0698051948051948,0.14285714285714285,0.5584415584415584,0.0016233766233766235,0.16233766233766234
verify/final,0.0,0.0,0.0,0.0,0.0,1.0
unknown,0.033835631672597864,0.03931272241992882,0.0683385231316726,0.0026690391459074734,0.0015291370106761566,0.854314946619217
