metric,success_mean,failure_mean,success_median,failure_median,delta_failure_minus_success,mannwhitney_p
total_steps,30.986988847583643,61.91683991683992,21.0,23.0,30.929851069256276,0.2668757500600143
tool_entropy,2.5952684228395784,2.447289006519744,2.6413625508408045,2.5216406363433186,-0.14797941631983447,0.005727487598948258
phase_entropy,1.4865837404338034,1.3133195365920676,1.564476232614274,1.4108478748063633,-0.1732642038417358,3.6084571919822075e-12
observation_bytes,5607.157992565056,9242.993762993763,3515.5,3164.0,3635.8357704287073,0.7743205374569445
repeated_action_ratio,0.32422628548132043,0.36185020032619886,0.2741589119541875,0.3333333333333333,0.037623914844878426,0.028111078161236275
error_rate,0.08720282807306164,0.11839621741026371,0.05263157894736842,0.06594202898550725,0.031193389337202074,0.005927149029550464
