{
  "per_decode_token_ms_coefficients": [
    0.306581789815963,
    1.4098191696021784e-06,
    3.6611230252416106e-17
  ],
  "prefill_ms_coefficients": [
    0.4199999999850368,
    0.012000000000002264,
    9.99999999999516e-07
  ]
}
