current,explore/read,edit/write,execute/test,retrieve/browser,verify/final,unknown
explore/read,0.36363636363636365,0.09090909090909091,0.18181818181818182,0.09090909090909091,0.0,0.2727272727272727
edit/write,0.0,0.0,1.0,0.0,0.0,0.0
execute/test,0.0,0.5,0.16666666666666666,0.0,0.3333333333333333,0.0
retrieve/browser,1.0,0.0,0.0,0.0,0.0,0.0
verify/final,0.0,0.0,0.0,0.0,0.0,0.0
unknown,0.5714285714285714,0.0,0.42857142857142855,0.0,0.0,0.0
