metric,success_mean,failure_mean,success_median,failure_median,delta_failure_minus_success,mannwhitney_p
total_steps,5.5,6.5,5.5,6.5,1.0,0.8025873486341526
tool_entropy,2.2867786311375924,2.0387835785584643,2.321928094887362,2.0387835785584643,-0.24799505257912813,0.48112000112723874
phase_entropy,1.8053249852141147,2.0387835785584643,1.9201119644709257,2.0387835785584643,0.2334585933443496,0.21881941582349118
observation_bytes,131.5,216.0,133.5,216.0,84.5,0.5333333333333333
repeated_action_ratio,0.1,0.0,0.0,0.0,-0.1,0.7236736098317631
error_rate,0.05,0.55,0.0,0.55,0.5,0.08515236916112591
